name,age,math_score,english_score,science_score,total,average
Asha,20,85.0,78,90.0,253.0,84.33333333333333
Rahul,19,70.0,65,72.0,207.0,69.0
Meera,21,92.0,88,95.0,275.0,91.66666666666667
Arjun,20,60.0,58,65.0,183.0,61.0
Sneha,19,0.0,75,80.0,155.0,51.666666666666664
Kiran,22,88.0,82,0.0,170.0,56.666666666666664
